compiler	model	n_types	run	elapsed_s	max_rss_kb	binary_bytes	stripped_bytes	quantity_symbols	typeinfo_symbols	xop_equals	xto_hash
dmd	b	1	1	0.16	55308	908304	654320	3	1	1	1
dmd	c	1	1	0.15	55216	908304	654304	3	1	1	1
dmd	c	1	2	0.15	54948	908304	654304	3	1	1	1
dmd	b	1	2	0.16	55352	908304	654320	3	1	1	1
dmd	b	1	3	0.15	55220	908304	654320	3	1	1	1
dmd	c	1	3	0.15	55208	908304	654304	3	1	1	1
dmd	b	5	1	0.16	55088	916136	659920	15	5	5	5
dmd	c	5	1	0.16	55420	909544	654944	3	1	1	1
dmd	c	5	2	0.15	55344	909544	654944	3	1	1	1
dmd	b	5	2	0.16	55360	916136	659920	15	5	5	5
dmd	b	5	3	0.15	55296	916136	659920	15	5	5	5
dmd	c	5	3	0.16	55404	909544	654944	3	1	1	1
dmd	b	10	1	0.15	55532	924960	665888	30	10	10	10
dmd	c	10	1	0.15	55324	915224	659840	3	1	1	1
dmd	c	10	2	0.15	55308	915224	659840	3	1	1	1
dmd	b	10	2	0.18	55420	924960	665888	30	10	10	10
dmd	b	10	3	0.16	55460	924960	665888	30	10	10	10
dmd	c	10	3	0.20	55328	915224	659840	3	1	1	1
dmd	b	20	1	0.16	55648	950808	686032	60	20	20	20
dmd	c	20	1	0.16	55484	918368	661440	3	1	1	1
dmd	c	20	2	0.16	55548	918368	661440	3	1	1	1
dmd	b	20	2	0.16	55528	950808	686032	60	20	20	20
dmd	b	20	3	0.19	55560	950808	686032	60	20	20	20
dmd	c	20	3	0.15	55516	918368	661440	3	1	1	1
dmd	b	50	1	0.17	55832	1003800	721888	150	50	50	50
dmd	c	50	1	0.15	55664	944208	682624	3	1	1	1
dmd	c	50	2	0.15	55724	944208	682624	3	1	1	1
dmd	b	50	2	0.16	55936	1003800	721888	150	50	50	50
dmd	b	50	3	0.16	55916	1003800	721888	150	50	50	50
dmd	c	50	3	0.16	55660	944208	682624	3	1	1	1
dmd	b	100	1	0.20	56688	1100904	789840	300	100	100	100
dmd	c	100	1	0.24	55756	968360	698816	3	1	1	1
dmd	c	100	2	0.16	55728	968360	698816	3	1	1	1
dmd	b	100	2	0.17	56752	1100904	789840	300	100	100	100
dmd	b	100	3	0.18	56564	1100904	789840	300	100	100	100
dmd	c	100	3	0.18	55716	968360	698816	3	1	1	1
dmd	b	200	1	0.24	57984	1295208	925744	600	200	200	200
dmd	c	200	1	0.18	56312	1033024	747584	3	1	1	1
dmd	c	200	2	0.18	56256	1033024	747584	3	1	1	1
dmd	b	200	2	0.20	58116	1295208	925744	600	200	200	200
dmd	b	200	3	0.20	58044	1295208	925744	600	200	200	200
dmd	c	200	3	0.18	56120	1033024	747584	3	1	1	1
ldc2	b	1	1	0.12	89088	634416	433000	0	0	0	0
ldc2	c	1	1	0.12	88984	634400	433000	0	0	0	0
ldc2	c	1	2	0.12	89100	634400	433000	0	0	0	0
ldc2	b	1	2	0.12	89092	634416	433000	0	0	0	0
ldc2	b	1	3	0.12	88984	634416	433000	0	0	0	0
ldc2	c	1	3	0.12	88976	634400	433000	0	0	0	0
ldc2	b	5	1	0.13	89284	634776	433032	0	0	0	0
ldc2	c	5	1	0.12	89124	634400	433000	0	0	0	0
ldc2	c	5	2	0.12	89124	634400	433000	0	0	0	0
ldc2	b	5	2	0.12	89224	634776	433032	0	0	0	0
ldc2	b	5	3	0.12	89360	634776	433032	0	0	0	0
ldc2	c	5	3	0.12	89176	634400	433000	0	0	0	0
ldc2	b	10	1	0.13	89560	635264	433096	0	0	0	0
ldc2	c	10	1	0.12	89064	634424	433016	0	0	0	0
ldc2	c	10	2	0.13	89136	634424	433016	0	0	0	0
ldc2	b	10	2	0.13	89608	635264	433096	0	0	0	0
ldc2	b	10	3	0.13	89552	635264	433096	0	0	0	0
ldc2	c	10	3	0.12	89208	634424	433016	0	0	0	0
ldc2	b	20	1	0.14	90540	636192	433176	0	0	0	0
ldc2	c	20	1	0.13	89420	634424	433016	0	0	0	0
ldc2	c	20	2	0.12	89492	634424	433016	0	0	0	0
ldc2	b	20	2	0.14	90408	636192	433176	0	0	0	0
ldc2	b	20	3	0.14	90504	636192	433176	0	0	0	0
ldc2	c	20	3	0.13	89376	634424	433016	0	0	0	0
ldc2	b	50	1	0.18	92668	638984	433416	0	0	0	0
ldc2	c	50	1	0.14	90080	634424	433016	0	0	0	0
ldc2	c	50	2	0.14	90216	634424	433016	0	0	0	0
ldc2	b	50	2	0.18	92672	638984	433416	0	0	0	0
ldc2	b	50	3	0.18	92736	638984	433416	0	0	0	0
ldc2	c	50	3	0.14	90120	634424	433016	0	0	0	0
ldc2	b	100	1	0.23	96520	647880	437912	0	0	0	0
ldc2	c	100	1	0.15	91548	634424	433016	0	0	0	0
ldc2	c	100	2	0.16	91636	634424	433016	0	0	0	0
ldc2	b	100	2	0.24	96284	647880	437912	0	0	0	0
ldc2	b	100	3	0.23	96772	647880	437912	0	0	0	0
ldc2	c	100	3	0.15	91532	634424	433016	0	0	0	0
ldc2	b	200	1	0.36	104500	657480	438712	0	0	0	0
ldc2	c	200	1	0.19	94612	634424	433016	0	0	0	0
ldc2	c	200	2	0.19	94308	634424	433016	0	0	0	0
ldc2	b	200	2	0.35	104576	657480	438712	0	0	0	0
ldc2	b	200	3	0.35	104548	657480	438712	0	0	0	0
ldc2	c	200	3	0.19	94776	634424	433016	0	0	0	0
