variant	n	binary_bytes	stripped_bytes	quantity_symbols	typeinfo	xop_equals	xto_hash
baseline	1	908336	654320	3	1	1	1
explicit	1	908712	654528	4	2	0	0
noeq	1	908304	654320	2	1	0	1
baseline	20	951184	686032	60	20	20	20
explicit	20	960224	690800	80	40	0	0
noeq	20	940080	677840	40	20	0	20
baseline	100	1102720	789840	300	100	100	100
explicit	100	1181288	846576	400	200	0	0
noeq	100	1067064	769360	200	100	0	100
baseline	200	1304520	931440	600	200	200	200
explicit	200	1457856	1040848	800	400	0	0
noeq	200	1227288	884784	400	200	0	200
