compiler	config	run	elapsed_s	max_rss_kb	binary_bytes	stripped_bytes
dmd	b	1	0.20	56564	935960	672088
dmd	c	1	0.16	56208	916736	660200
dmd	c	2	0.19	56184	916736	660200
dmd	b	2	0.17	56436	935960	672088
dmd	b	3	0.17	56636	935960	672088
dmd	c	3	0.17	56208	916736	660200
dmd	c	4	0.20	56248	916736	660200
dmd	b	4	0.19	56516	935960	672088
dmd	b	5	0.21	56616	935960	672088
dmd	c	5	0.18	56252	916736	660200
ldc2	b	1	0.26	90088	634448	433024
ldc2	c	1	0.21	89348	634448	433024
ldc2	c	2	0.17	89364	634448	433024
ldc2	b	2	0.19	90372	634448	433024
ldc2	b	3	0.21	90132	634448	433024
ldc2	c	3	0.17	89340	634448	433024
ldc2	c	4	0.17	89340	634448	433024
ldc2	b	4	0.19	90372	634448	433024
ldc2	b	5	0.18	90172	634448	433024
ldc2	c	5	0.17	89392	634448	433024
